Unnamed: 0,5,1,1.1,1.2,2,1.3,3,1.4,1.5,2.1
pocako,sipelose,peba,?,kuduhoni,koco,nanukifu,rico,halolago,zalibe,pemilo
pocako,vuhisu,somikeme,zoko,mipu,culo,berodami,rico,?,zalibe,pemilo
pocako,lefi,coguviho,?,mipu,ragoci,catulafi,rico,dabilari,zalibe,pemilo
pocako,zuki,somikeme,zoko,difo,culo,sena,rico,sapa,?,pemilo
pocako,zifoludi,?,buda,hocavoto,koco,nanukifu,gariti,dabilari,zalibe,dodive
pocako,cumisave,somikeme,zoko,mipu,culo,nanukifu,rico,?,zalibe,pemilo
pocako,?,somikeme,tupatila,mipu,culo,sena,rico,sapa,zalibe,pemilo
pocako,nara,somikeme,?,mipu,culo,sena,veziba,sapa,fuku,pemilo
pocako,zuki,dedama,zoko,mipu,?,sena,some,sapa,zalibe,pemilo
pocako,?,somikeme,zoko,mipu,rucazedi,sena,rico,sapa,zalibe,pemilo
pocako,nara,somikeme,zoko,mipu,culo,sena,?,sapa,zalibe,pemilo
pocako,sipelose,sidolova,kahizapo,difo,culo,lenazazu,?,kifi,zalibe,dodive
?,cumisave,somikeme,zoko,mipu,culo,lenazazu,rico,sapa,zalibe,pemilo
pocako,zifoludi,?,larisona,cubofagu,koco,lunu,vada,temudufu,monide,dodive
pocako,zoheva,peba,mezo,vofapade,pahakona,sena,rucepo,bicaca,?,dodive
pocako,zuki,somikeme,zoko,mipu,culo,sena,some,?,zalibe,pemilo
pocako,zuki,somikeme,zoko,?,culo,sena,rico,sapa,zalibe,pemilo
pocako,reteko,favami,siza,dubuzi,?,nanukifu,rucepo,sapa,zubuca,dodive
pocako,lefi,somikeme,?,mipu,culo,sena,rico,sapa,zalibe,pemilo
pocako,zoheva,sidolova,tupatila,cubofagu,gaga,nanukifu,vada,kifi,?,dodive
pocako,?,hezivaza,larisona,difo,pahakona,podabaze,febepepo,kove,zalibe,dodive
pocako,vuhisu,somikeme,zoko,mipu,culo,sena,some,sapa,zalibe,?
pocako,zifoludi,peba,larisona,mipu,culo,miga,?,bicaca,zalibe,dodive
pocako,cumisave,somikeme,zoko,mipu,culo,sena,rico,sapa,zalibe,?
pocako,sipelose,dedama,kahizapo,vofapade,?,podabaze,rico,nevica,zalibe,dodive
pocako,vuhisu,dedama,zoko,?,rucazedi,sena,some,sapa,zalibe,pemilo
pocako,sipelose,somikeme,zoko,mipu,culo,sena,some,?,zalibe,pemilo
?,nara,somikeme,zoko,mipu,culo,sena,some,sapa,zalibe,pemilo
pocako,cumisave,somikeme,kahizapo,?,culo,sena,veziba,sapa,zalibe,pemilo
pocako,vuhisu,somikeme,zoko,mipu,?,sena,some,sapa,zalibe,pemilo
pocako,nara,somikeme,zoko,?,culo,sena,rico,sapa,zalibe,pemilo
pocako,reteko,favami,siza,difo,?,hori,febepepo,kifi,gafuvu,dodive
pocako,nara,somikeme,zoko,gugo,?,sena,rico,sapa,zalibe,pemilo
pocako,vuhisu,somikeme,tupatila,mipu,culo,?,some,sapa,zalibe,pemilo
pocako,nara,somikeme,?,mipu,culo,sena,some,sapa,zalibe,pemilo
pocako,reteko,fotu,buda,hocavoto,pahakona,sena,bahibe,zisorora,zalibe,?
pocako,lefi,dedama,zoko,mipu,rucazedi,sena,?,sapa,zalibe,pemilo
pocako,sipelose,peba,gogugo,faseheci,culo,?,vada,nevica,zalibe,dodive
pocako,nara,hezivaza,kahizapo,difo,pahakona,podabaze,febepepo,?,zalibe,dodive
pocako,lefi,redeze,mezo,faseheci,pahakona,?,febepepo,togihe,zalibe,pemilo
pocako,reteko,?,kahizapo,mipu,ragoci,lenazazu,batizodi,temudufu,zubuca,dodive
pocako,lefi,?,buda,gugo,tikifa,nanukifu,febepepo,bicaca,gafuvu,dodive
pocako,sipelose,redeze,larisona,dubuzi,regibesa,sena,?,sapa,zalibe,dodive
pocako,reteko,fotu,buda,?,tikifa,sena,bahibe,kove,zalibe,dodive
pocako,cumisave,somikeme,?,mipu,culo,sena,some,sapa,zubuca,pemilo
pocako,vuhisu,favami,siza,vofapade,savigehe,lunu,?,togihe,zalibe,dodive
pocako,cumisave,somikeme,zoko,mipu,?,sena,some,sapa,zalibe,pemilo
pocako,?,somikeme,zoko,difo,culo,sena,rico,sapa,zalibe,pemilo
pocako,zoheva,coguviho,?,gugo,savigehe,vipobu,rico,togihe,zubuca,dodive
pocako,vabe,hezivaza,codefe,mipu,culo,lenazazu,some,sapa,fuku,?
pocako,sipelose,sidolova,?,vofapade,culo,catulafi,rico,kifi,zalibe,dodive
pocako,reteko,sidolova,mezo,gugo,?,hori,rucepo,kove,zubuca,dodive
pocako,sipelose,hezivaza,larisona,hocavoto,?,vipobu,febepepo,bicaca,nepava,dodive
?,reteko,hezivaza,larisona,dubuzi,tikifa,vipobu,febepepo,sapa,zalibe,dodive
pocako,reteko,redeze,mezo,difo,savigehe,hori,?,nevica,zalibe,dodive
pocako,zifoludi,fotu,buda,mipu,?,vipoca,rico,zisorora,zalibe,dodive
pocako,zifoludi,?,gogugo,mipu,gaga,sena,vada,kifi,monide,dodive
pocako,sipelose,dedama,kahizapo,mipu,pahakona,nanukifu,vada,?,zalibe,dodive
pocako,?,hezivaza,larisona,gugo,culo,berodami,vada,sapa,zalibe,dodive
pocako,sipelose,sidolova,larisona,kuduhoni,ragoci,lenazazu,rucepo,kove,zalibe,?
pocako,cumisave,somikeme,zoko,mipu,culo,berodami,?,sapa,zalibe,pemilo
pocako,vabe,fotu,buda,mipu,regibesa,vipobu,rico,bicaca,?,dodive
pocako,lefi,?,gogugo,mipu,gaga,berodami,rico,zisorora,zalibe,dodive
pocako,cumisave,somikeme,zoko,?,culo,sena,some,sapa,zalibe,pemilo
pocako,reteko,peba,tupatila,mipu,?,berodami,rucepo,bicaca,lidu,dodive
pocako,zuki,somikeme,zoko,mipu,culo,sena,rico,sapa,?,pemilo
pocako,sipelose,sidolova,gogugo,mipu,?,nanukifu,rucepo,zisorora,zalibe,dodive
pocako,zifoludi,sidolova,?,difo,savigehe,lunu,bahibe,zisorora,kacelu,dodive
pocako,cumisave,?,zoko,mipu,culo,sena,rico,halolago,zalibe,pemilo
pocako,sipelose,somikeme,?,mipu,culo,sena,some,sapa,zalibe,pemilo
?,lefi,fotu,tupatila,hocavoto,regibesa,berodami,febepepo,togihe,lidu,dodive
pocako,cumisave,sidolova,?,gugo,culo,sena,febepepo,halolago,zalibe,pemilo
?,vabe,peba,larisona,cubofagu,pahakona,nanukifu,rucepo,togihe,zalibe,dodive
?,reteko,redeze,gogugo,mipu,ragoci,catulafi,rico,halolago,gafuvu,dodive
pocako,cumisave,somikeme,tupatila,mipu,culo,berodami,rucepo,halolago,?,pemilo
pocako,cumisave,somikeme,gogugo,mipu,?,sena,some,sapa,zalibe,pemilo
pocako,sipelose,sidolova,zoko,?,culo,sena,some,sapa,zalibe,pemilo
pocako,vuhisu,somikeme,zoko,mipu,culo,lenazazu,rico,sapa,zalibe,?
pocako,nara,dedama,?,mipu,rucazedi,sena,febepepo,sapa,zalibe,pemilo
pocako,zuki,somikeme,zoko,gugo,culo,sena,some,sapa,zalibe,?
pocako,sipelose,?,zoko,mipu,culo,sena,rico,sapa,zalibe,pemilo
?,vuhisu,somikeme,zoko,mipu,culo,berodami,febepepo,sapa,zalibe,pemilo
pocako,vuhisu,hezivaza,siza,hocavoto,?,lunu,febepepo,kove,nepava,dodive
pocako,?,fotu,mezo,mipu,regibesa,catulafi,rucepo,kove,lidu,dodive
pocako,vuhisu,sidolova,mezo,vofapade,gaga,vipobu,?,kifi,zalibe,dodive
pocako,vuhisu,redeze,mezo,dubuzi,gaga,nanukifu,batizodi,togihe,?,dodive
pocako,zuki,somikeme,zoko,?,culo,sena,rico,sapa,zalibe,pemilo
pocako,nara,somikeme,zoko,gugo,ragoci,?,some,sapa,zalibe,pemilo
pocako,cumisave,somikeme,zoko,mipu,culo,sena,rico,sapa,?,pemilo
pocako,?,somikeme,zoko,gugo,culo,sena,veziba,sapa,zalibe,pemilo
pocako,zuki,somikeme,zoko,mipu,culo,sena,?,sapa,zalibe,pemilo
pocako,?,somikeme,zoko,mipu,culo,sena,some,sapa,zalibe,pemilo
pocako,nara,somikeme,?,mipu,culo,sena,rico,sapa,zalibe,pemilo
?,cumisave,somikeme,zoko,mipu,culo,sena,rico,sapa,zalibe,pemilo
pocako,nara,somikeme,zoko,?,culo,sena,veziba,sapa,zalibe,pemilo
pocako,sipelose,somikeme,zoko,mipu,culo,sena,rico,?,zalibe,pemilo
?,vabe,redeze,migukebi,gugo,regibesa,vipoca,some,zisorora,lidu,dodive
pocako,zoheva,hezivaza,mezo,cubofagu,gaga,nanukifu,febepepo,?,monide,dodive
pocako,reteko,sidolova,larisona,mipu,regibesa,hori,rico,kove,zubuca,?
pocako,nara,sidolova,gogugo,vofapade,culo,hori,?,temudufu,zalibe,dodive
pocako,zuki,somikeme,tupatila,mipu,?,sena,rico,sapa,zalibe,pemilo
pocako,zifoludi,dedama,kahizapo,mipu,pahakona,?,febepepo,sapa,zalibe,dodive
pocako,reteko,?,buda,cubofagu,regibesa,sena,bahibe,togihe,kacelu,dodive
?,zoheva,sidolova,gogugo,vofapade,ragoci,lenazazu,rico,halolago,nepava,dodive
pocako,reteko,fotu,buda,?,culo,nanukifu,rucepo,sapa,zalibe,dodive
pocako,?,redeze,codefe,cubofagu,tikifa,nanukifu,vada,dabilari,zalibe,dodive
pocako,cumisave,somikeme,zoko,?,culo,sena,some,bicaca,zalibe,pemilo
pocako,lefi,hezivaza,gogugo,vofapade,ragoci,lunu,?,togihe,gafuvu,dodive
pocako,cumisave,sidolova,zoko,gugo,culo,berodami,vada,bicaca,zubuca,?
pocako,zifoludi,redeze,gogugo,difo,gaga,lunu,rico,?,zalibe,dodive
pocako,?,sidolova,kahizapo,cubofagu,culo,nanukifu,febepepo,bicaca,gafuvu,dodive
pocako,reteko,?,buda,difo,regibesa,vipobu,bahibe,sapa,zalibe,dodive
pocako,vuhisu,?,tupatila,mipu,culo,lenazazu,rico,sapa,zalibe,pemilo
?,cumisave,somikeme,zoko,mipu,culo,hori,veziba,sapa,zalibe,pemilo
pocako,zifoludi,sidolova,kahizapo,mipu,culo,berodami,?,halolago,zalibe,pemilo
pocako,zuki,hezivaza,larisona,cubofagu,?,nanukifu,febepepo,temudufu,kacelu,dodive
pocako,cumisave,somikeme,zoko,mipu,savigehe,lenazazu,?,sapa,zalibe,pemilo
pocako,vuhisu,dedama,zoko,mipu,culo,berodami,rico,sapa,zalibe,?
pocako,cumisave,somikeme,tupatila,gugo,culo,sena,rico,?,zalibe,pemilo
pocako,zuki,dedama,zoko,?,culo,berodami,rico,sapa,zalibe,pemilo
pocako,reteko,?,buda,gugo,regibesa,nanukifu,vada,bicaca,gafuvu,dodive
pocako,sipelose,sidolova,larisona,?,tikifa,nanukifu,vada,bicaca,zalibe,dodive
pocako,sipelose,peba,mezo,?,pivitalu,podabaze,bahibe,kove,zalibe,dodive
pocako,cumisave,somikeme,zoko,?,culo,sena,some,sapa,zalibe,pemilo
pocako,zoheva,?,kahizapo,bitupuzu,savigehe,nanukifu,febepepo,temudufu,fuku,dodive
pocako,vuhisu,somikeme,zoko,mipu,culo,sena,rico,sapa,zalibe,?
pocako,zifoludi,sidolova,larisona,vofapade,gaga,nanukifu,veziba,nevica,?,dodive
pocako,cumisave,somikeme,?,mipu,regibesa,sena,veziba,sapa,zalibe,pemilo
pocako,sipelose,somikeme,kahizapo,mipu,culo,sena,some,?,zalibe,pemilo
pocako,nara,somikeme,zoko,mipu,culo,sena,rico,sapa,?,pemilo
pocako,sipelose,fotu,codefe,cubofagu,tikifa,nanukifu,rico,?,gafuvu,dodive
pocako,?,somikeme,zoko,mipu,culo,sena,some,halolago,zalibe,pemilo
pocako,vuhisu,somikeme,zoko,mipu,ragoci,sena,?,sapa,zalibe,pemilo
pocako,sipelose,somikeme,zoko,mipu,culo,berodami,?,bicaca,zalibe,pemilo
pocako,zuki,somikeme,zoko,mipu,culo,?,some,sapa,zalibe,pemilo
pocako,vuhisu,somikeme,zoko,mipu,culo,sena,?,sapa,zalibe,pemilo
pocako,zuki,?,tupatila,mipu,culo,sena,some,sapa,zalibe,pemilo
pocako,cumisave,somikeme,zoko,mipu,?,miga,some,sapa,zalibe,pemilo
?,vuhisu,somikeme,zoko,mipu,culo,sena,veziba,sapa,zalibe,pemilo
pocako,nara,somikeme,zoko,mipu,culo,?,veziba,sapa,zalibe,pemilo
?,vabe,hezivaza,larisona,vofapade,savigehe,hori,rucepo,bicaca,gafuvu,dodive
pocako,cumisave,somikeme,zoko,mipu,culo,hori,veziba,?,zalibe,pemilo
?,nara,somikeme,zoko,mipu,culo,sena,some,sapa,zalibe,pemilo
?,cumisave,somikeme,kahizapo,mipu,culo,miga,some,sapa,zalibe,pemilo
pocako,vuhisu,peba,larisona,gugo,pahakona,?,rucepo,sapa,zalibe,dodive
pocako,?,somikeme,zoko,mipu,ragoci,berodami,some,sapa,zalibe,pemilo
pocako,vuhisu,somikeme,zoko,?,tikifa,sena,vada,togihe,zalibe,pemilo
pocako,zifoludi,coguviho,siza,vofapade,regibesa,nanukifu,?,togihe,nepava,dodive
pocako,cumisave,somikeme,zoko,mipu,rucazedi,sena,?,sapa,zalibe,pemilo
pocako,zoheva,?,gogugo,mipu,pahakona,nanukifu,vada,kifi,gafuvu,dodive
pocako,reteko,fotu,codefe,dubuzi,savigehe,?,bahibe,kove,zalibe,dodive
pocako,zuki,?,zoko,mipu,culo,lenazazu,veziba,sapa,zalibe,pemilo
pocako,cumisave,somikeme,zoko,mipu,?,sena,veziba,sapa,zalibe,pemilo
pocako,sipelose,hezivaza,larisona,dubuzi,?,nanukifu,rico,sapa,zalibe,dodive
pocako,nara,?,zoko,mipu,culo,sena,rico,sapa,zalibe,pemilo
pocako,cumisave,somikeme,tupatila,mipu,ragoci,?,veziba,sapa,zalibe,pemilo
pocako,reteko,?,siza,vofapade,gaga,nanukifu,vada,dabilari,zubuca,dodive
pocako,zuki,somikeme,zoko,mipu,culo,sena,?,halolago,zalibe,pemilo
pocako,vuhisu,somikeme,zoko,mipu,culo,sena,rico,sapa,?,pemilo
pocako,cumisave,somikeme,?,gugo,rucazedi,lenazazu,veziba,sapa,nepava,pemilo
?,sipelose,somikeme,zoko,mipu,culo,miga,rico,sapa,zalibe,pemilo
pocako,zuki,somikeme,?,mipu,culo,berodami,rico,halolago,zalibe,pemilo
pocako,sipelose,redeze,siza,hocavoto,tikifa,?,rico,kove,gafuvu,dodive
pocako,reteko,coguviho,buda,cubofagu,pahakona,sena,rico,sapa,lidu,?
pocako,vuhisu,somikeme,?,mipu,culo,sena,rico,sapa,zalibe,pemilo
pocako,cumisave,somikeme,zoko,gugo,?,sena,veziba,sapa,zalibe,pemilo
pocako,vuhisu,somikeme,zoko,mipu,culo,sena,veziba,?,zalibe,pemilo
?,cumisave,somikeme,zoko,mipu,culo,sena,rico,sapa,zalibe,pemilo
pocako,cumisave,somikeme,zoko,?,culo,sena,some,sapa,zalibe,pemilo
pocako,lefi,fotu,buda,cubofagu,tikifa,nanukifu,fazi,kove,nepava,?
pocako,zifoludi,redeze,larisona,vofapade,ragoci,?,batizodi,sapa,zalibe,dodive
?,sipelose,coguviho,siza,bitupuzu,regibesa,nanukifu,vada,dabilari,zalibe,dodive
pocako,nara,somikeme,?,mipu,culo,sena,rico,sapa,zalibe,pemilo
pocako,sipelose,fotu,buda,difo,?,sena,vada,kove,gafuvu,dodive
pocako,?,somikeme,zoko,mipu,culo,sena,rico,sapa,zalibe,pemilo
pocako,sipelose,sidolova,kahizapo,difo,pahakona,nanukifu,rico,sapa,?,dodive
pocako,cumisave,somikeme,zoko,?,rucazedi,sena,rico,sapa,zalibe,pemilo
pocako,cumisave,somikeme,zoko,mipu,culo,sena,veziba,sapa,zalibe,?
pocako,lefi,somikeme,zoko,mipu,culo,sena,rico,sapa,?,pemilo
?,sipelose,coguviho,codefe,hocavoto,gaga,nanukifu,febepepo,togihe,zalibe,dodive
pocako,zifoludi,favami,mezo,vofapade,?,nanukifu,vada,sapa,zalibe,dodive
pocako,nara,somikeme,zoko,mipu,?,sena,rico,sapa,zalibe,pemilo
pocako,cumisave,hezivaza,?,dubuzi,gaga,vipobu,febepepo,kove,zalibe,dodive
pocako,reteko,hezivaza,mezo,cubofagu,pahakona,nanukifu,?,dabilari,lidu,dodive
pocako,sipelose,coguviho,?,cubofagu,gaga,vipobu,gariti,kove,zalibe,dodive
pocako,cumisave,dedama,kahizapo,mipu,culo,sena,?,sapa,zalibe,pemilo
pocako,reteko,fotu,buda,hocavoto,pahakona,vipobu,?,kove,zalibe,dodive
pocako,zoheva,hezivaza,buda,?,regibesa,nanukifu,rucepo,kove,gafuvu,dodive
pocako,sipelose,somikeme,?,mipu,culo,sena,some,sapa,zalibe,pemilo
pocako,?,somikeme,zoko,mipu,culo,sena,rico,sapa,zalibe,pemilo
pocako,vuhisu,somikeme,zoko,mipu,culo,sena,rico,sapa,zalibe,?
pocako,zuki,?,zoko,mipu,culo,sena,rico,sapa,zalibe,pemilo
pocako,zifoludi,?,gogugo,kuduhoni,savigehe,podabaze,febepepo,togihe,zubuca,pemilo
pocako,sipelose,somikeme,?,vofapade,culo,sena,rico,sapa,zalibe,pemilo
pocako,cumisave,somikeme,?,mipu,culo,sena,veziba,sapa,zalibe,pemilo
pocako,vuhisu,somikeme,zoko,mipu,culo,sena,some,sapa,?,pemilo
pocako,reteko,coguviho,codefe,vofapade,regibesa,nanukifu,bahibe,sapa,zalibe,?
pocako,cumisave,somikeme,zoko,mipu,culo,sena,rico,sapa,zalibe,?
pocako,sipelose,somikeme,zoko,?,culo,sena,rico,sapa,zalibe,pemilo
pocako,cumisave,somikeme,?,mipu,culo,sena,rico,sapa,zalibe,pemilo
pocako,sipelose,fotu,buda,faseheci,pahakona,nanukifu,febepepo,kove,fuku,?
pocako,reteko,fotu,migukebi,difo,koco,hori,rico,temudufu,?,dodive
pocako,cumisave,somikeme,zoko,mipu,rucazedi,sena,?,sapa,zalibe,pemilo
pocako,cumisave,somikeme,zoko,mipu,?,sena,rico,sapa,zalibe,pemilo
pocako,sipelose,somikeme,zoko,mipu,?,sena,rico,sapa,zalibe,pemilo
pocako,zifoludi,fotu,buda,cubofagu,gaga,nanukifu,?,kove,tecu,dodive
pocako,zifoludi,fotu,codefe,hocavoto,savigehe,?,febepepo,dabilari,zalibe,dodive
pocako,cumisave,somikeme,zoko,mipu,culo,sena,rico,sapa,?,pemilo
pocako,reteko,fotu,buda,cubofagu,ragoci,nanukifu,fazi,nevica,zalibe,?
pocako,zifoludi,favami,codefe,bitupuzu,gaga,hori,vada,kove,?,dodive
pocako,cumisave,somikeme,zoko,mipu,culo,sena,?,sapa,zalibe,pemilo
pocako,?,somikeme,zoko,mipu,culo,sena,rico,sapa,zalibe,pemilo
pocako,lefi,fotu,siza,bitupuzu,pahakona,catulafi,bahibe,?,zubuca,dodive
?,lefi,somikeme,kahizapo,mipu,culo,sena,rico,sapa,zalibe,pemilo
pocako,cumisave,somikeme,zoko,gugo,culo,sena,?,sapa,zalibe,pemilo
pocako,reteko,redeze,gogugo,difo,regibesa,nanukifu,gariti,kove,zalibe,?
pocako,zuki,somikeme,?,difo,rucazedi,hori,some,sapa,zalibe,dodive
pocako,zoheva,hezivaza,?,difo,ragoci,vipobu,febepepo,kifi,zalibe,dodive
pocako,reteko,hezivaza,larisona,?,ragoci,nanukifu,febepepo,zisorora,zubuca,dodive
pocako,cumisave,somikeme,zoko,mipu,culo,sena,?,sapa,zalibe,pemilo
pocako,reteko,hezivaza,siza,?,savigehe,nanukifu,bahibe,zisorora,zalibe,dodive
pocako,zifoludi,mavoka,migukebi,kuduhoni,ragoci,hori,?,dabilari,zalibe,dodive
pocako,cumisave,somikeme,zoko,mipu,rucazedi,sena,rico,sapa,?,pemilo
?,reteko,fotu,buda,difo,regibesa,nanukifu,gariti,kove,zalibe,dodive
pocako,zoheva,peba,siza,vofapade,ragoci,podabaze,febepepo,nevica,?,dodive
pocako,lefi,coguviho,siza,kuduhoni,pahakona,vipobu,bahibe,?,zubuca,dodive
pocako,zifoludi,peba,mezo,difo,?,sena,rucepo,bicaca,zalibe,pemilo
pocako,reteko,?,larisona,kuduhoni,gaga,nanukifu,rucepo,sapa,zalibe,dodive
pocako,vuhisu,sidolova,tupatila,mipu,ragoci,sena,?,nevica,zalibe,pemilo
pocako,reteko,coguviho,codefe,gugo,tikifa,nanukifu,rucepo,?,lidu,dodive
pocako,vabe,coguviho,codefe,kuduhoni,?,berodami,rucepo,kove,monide,dodive
pocako,zifoludi,fotu,buda,hocavoto,pahakona,lunu,rico,kove,lidu,?
pocako,reteko,peba,kahizapo,gugo,ragoci,?,vada,bicaca,zubuca,dodive
?,sipelose,somikeme,kahizapo,difo,culo,berodami,some,bicaca,zalibe,pemilo
pocako,vuhisu,somikeme,zoko,?,rucazedi,sena,rico,sapa,zalibe,pemilo
pocako,nara,somikeme,zoko,?,culo,sena,rico,sapa,zalibe,pemilo
pocako,cumisave,somikeme,zoko,mipu,culo,hori,vada,sapa,?,pemilo
pocako,cumisave,somikeme,?,mipu,culo,sena,rico,sapa,zalibe,pemilo
pocako,sipelose,somikeme,zoko,gugo,?,berodami,rico,sapa,zalibe,pemilo
pocako,zifoludi,fotu,buda,hocavoto,gaga,?,febepepo,togihe,zalibe,dodive
pocako,zifoludi,peba,gogugo,mipu,culo,lunu,rico,?,zalibe,dodive
?,zuki,somikeme,zoko,mipu,culo,sena,rico,nevica,zalibe,pemilo
pocako,vuhisu,somikeme,zoko,mipu,?,miga,rico,sapa,zalibe,pemilo
pocako,cumisave,dedama,tupatila,mipu,culo,?,veziba,sapa,zalibe,pemilo
pocako,reteko,?,gogugo,cubofagu,culo,nanukifu,vada,bicaca,gafuvu,dodive
pocako,lefi,sidolova,kahizapo,kuduhoni,ragoci,nanukifu,?,temudufu,gafuvu,pemilo
pocako,lefi,fotu,buda,?,tikifa,nanukifu,febepepo,bicaca,gafuvu,dodive
pocako,vabe,fotu,buda,mipu,regibesa,vipobu,rico,?,zalibe,dodive
pocako,sipelose,redeze,mezo,?,savigehe,nanukifu,rico,nevica,zalibe,dodive
pocako,vuhisu,somikeme,zoko,mipu,culo,sena,veziba,?,zalibe,pemilo
pocako,vuhisu,somikeme,zoko,mipu,culo,sena,some,sapa,?,pemilo
pocako,vuhisu,somikeme,?,mipu,culo,sena,rico,sapa,zalibe,pemilo
pocako,sipelose,favami,siza,mipu,gaga,vipobu,rico,?,zalibe,pemilo
pocako,reteko,hezivaza,codefe,?,ragoci,nanukifu,vada,sapa,gafuvu,dodive
pocako,sipelose,fotu,buda,dubuzi,regibesa,nanukifu,fazi,nevica,?,dodive
pocako,zifoludi,coguviho,migukebi,vofapade,gaga,nanukifu,febepepo,?,zalibe,dodive
pocako,reteko,?,gogugo,cubofagu,pahakona,nanukifu,vada,temudufu,zalibe,dodive
pocako,zoheva,mavoka,?,cubofagu,regibesa,lenazazu,vada,bicaca,gafuvu,dodive
pocako,sipelose,somikeme,gogugo,mipu,culo,sena,rico,?,zalibe,pemilo
pocako,reteko,fotu,mezo,difo,ragoci,nanukifu,rucepo,bicaca,?,dodive
pocako,vuhisu,sidolova,larisona,gugo,ragoci,nanukifu,febepepo,sapa,zalibe,?
pocako,reteko,coguviho,codefe,gugo,?,catulafi,bahibe,dabilari,kacelu,dodive
pocako,?,somikeme,zoko,mipu,culo,sena,rico,sapa,zalibe,pemilo
pocako,zifoludi,peba,siza,mipu,ragoci,?,rico,zisorora,zubuca,dodive
pocako,?,somikeme,zoko,mipu,culo,sena,rico,sapa,zalibe,pemilo
pocako,vuhisu,sidolova,larisona,gugo,ragoci,nanukifu,febepepo,sapa,zalibe,?
pocako,?,dedama,gogugo,mipu,ragoci,catulafi,rico,bicaca,zalibe,dodive
pocako,vuhisu,somikeme,zoko,mipu,culo,sena,rico,halolago,zalibe,?
?,vuhisu,somikeme,kahizapo,mipu,culo,miga,some,sapa,zalibe,pemilo
pocako,vuhisu,somikeme,zoko,mipu,culo,sena,some,sapa,zalibe,?
pocako,cumisave,somikeme,zoko,mipu,culo,sena,some,sapa,zalibe,?
pocako,cumisave,somikeme,zoko,mipu,culo,sena,rico,sapa,zalibe,?
pocako,reteko,?,siza,difo,ragoci,podabaze,rico,bicaca,kacelu,dodive
pocako,vuhisu,somikeme,zoko,mipu,?,sena,rico,sapa,zalibe,pemilo
pocako,nara,somikeme,zoko,gugo,culo,sena,?,sapa,zalibe,pemilo
pocako,cumisave,peba,kahizapo,cubofagu,savigehe,nanukifu,vada,?,zalibe,dodive
pocako,reteko,peba,mezo,mipu,culo,?,vada,bicaca,zalibe,dodive
pocako,zoheva,peba,?,cubofagu,culo,nanukifu,rico,togihe,zubuca,dodive
pocako,zifoludi,fotu,buda,cubofagu,?,nanukifu,fazi,dabilari,gafuvu,dodive
pocako,reteko,fotu,buda,?,regibesa,nanukifu,rucepo,kove,lidu,dodive
pocako,vuhisu,somikeme,zoko,mipu,ragoci,sena,?,sapa,zalibe,pemilo
?,lefi,somikeme,kahizapo,mipu,savigehe,hori,vada,kove,zalibe,dodive
?,sipelose,redeze,mezo,hocavoto,pahakona,nanukifu,rucepo,kove,monide,dodive
pocako,cumisave,somikeme,zoko,mipu,culo,sena,rico,sapa,zalibe,?
pocako,zifoludi,coguviho,codefe,mipu,?,miga,batizodi,kove,zalibe,dodive
pocako,reteko,peba,gogugo,dubuzi,culo,nanukifu,some,bicaca,?,dodive
pocako,?,somikeme,zoko,mipu,culo,miga,some,sapa,zalibe,pemilo
pocako,sipelose,hezivaza,siza,?,pahakona,nanukifu,febepepo,kifi,zalibe,dodive
?,sipelose,sidolova,gogugo,difo,savigehe,hori,rucepo,dabilari,zalibe,pemilo
pocako,sipelose,peba,kahizapo,mipu,culo,?,some,bicaca,zalibe,pemilo
?,zifoludi,dedama,zoko,mipu,gaga,sena,veziba,sapa,zalibe,pemilo
pocako,vabe,somikeme,?,dubuzi,savigehe,nanukifu,febepepo,dabilari,zubuca,dodive
pocako,zifoludi,peba,buda,kuduhoni,savigehe,catulafi,febepepo,?,zalibe,dodive
?,reteko,fotu,buda,bitupuzu,pivitalu,nanukifu,febepepo,kove,lidu,dodive
pocako,cumisave,somikeme,?,mipu,culo,sena,rico,sapa,zalibe,pemilo
pocako,zifoludi,sidolova,gogugo,faseheci,?,nanukifu,rico,bicaca,zalibe,dodive
pocako,reteko,coguviho,gogugo,vofapade,?,nanukifu,rico,kove,monide,dodive
pocako,cumisave,somikeme,zoko,mipu,culo,sena,?,sapa,zalibe,pemilo
?,cumisave,somikeme,zoko,mipu,culo,sena,rico,sapa,zalibe,pemilo
pocako,zoheva,coguviho,siza,dubuzi,savigehe,?,bahibe,togihe,monide,dodive
?,vuhisu,somikeme,zoko,mipu,culo,hori,vada,sapa,zalibe,pemilo
pocako,nara,somikeme,zoko,mipu,ragoci,?,some,sapa,zalibe,pemilo
pocako,cumisave,?,zoko,mipu,culo,sena,veziba,sapa,zalibe,pemilo
pocako,zifoludi,redeze,gogugo,cubofagu,regibesa,sena,rico,temudufu,zalibe,?
pocako,cumisave,somikeme,zoko,mipu,culo,sena,?,sapa,zalibe,pemilo
pocako,cumisave,?,zoko,mipu,rucazedi,sena,some,sapa,zalibe,pemilo
?,zuki,redeze,larisona,dubuzi,koco,miga,rucepo,zisorora,zalibe,pemilo
pocako,sipelose,hezivaza,larisona,gugo,gaga,nanukifu,?,bicaca,zalibe,dodive
pocako,lefi,?,siza,hocavoto,pahakona,vipobu,bahibe,zisorora,zalibe,dodive
pocako,?,somikeme,zoko,mipu,gaga,sena,rico,sapa,zalibe,pemilo
?,zuki,peba,gogugo,vofapade,pahakona,hori,febepepo,bicaca,zalibe,pemilo
pocako,zoheva,?,kahizapo,gugo,gaga,nanukifu,febepepo,kifi,tecu,dodive
pocako,?,somikeme,zoko,mipu,culo,miga,rico,sapa,zalibe,pemilo
pocako,?,peba,mezo,cubofagu,culo,nanukifu,rucepo,sapa,zalibe,dodive
pocako,cumisave,somikeme,zoko,mipu,?,sena,rico,sapa,zalibe,pemilo
?,vuhisu,dedama,tupatila,mipu,culo,sena,some,bicaca,zalibe,pemilo
pocako,?,somikeme,zoko,mipu,culo,nanukifu,vada,kifi,zalibe,dodive
pocako,cumisave,somikeme,zoko,mipu,?,sena,some,sapa,zalibe,pemilo
pocako,zifoludi,?,kahizapo,gugo,pahakona,catulafi,rico,kove,zalibe,dodive
pocako,reteko,peba,?,gugo,culo,vipobu,batizodi,sapa,zalibe,dodive
?,sipelose,somikeme,zoko,mipu,culo,sena,rico,sapa,zubuca,pemilo
pocako,sipelose,dedama,tupatila,gugo,culo,sena,?,halolago,zalibe,pemilo
pocako,sipelose,peba,mezo,dubuzi,savigehe,?,rucepo,bicaca,zalibe,dodive
pocako,zifoludi,redeze,siza,difo,ragoci,?,rico,kifi,zubuca,dodive
pocako,cumisave,?,zoko,mipu,culo,sena,veziba,sapa,zalibe,pemilo
pocako,lefi,hezivaza,larisona,hocavoto,savigehe,nanukifu,rico,kifi,?,dodive
pocako,cumisave,somikeme,zoko,mipu,culo,sena,rico,sapa,?,pemilo
pocako,cumisave,?,zoko,mipu,rucazedi,sena,some,sapa,zalibe,pemilo
pocako,?,hezivaza,larisona,kuduhoni,culo,nanukifu,rucepo,bicaca,zalibe,dodive
?,reteko,sidolova,kahizapo,mipu,culo,nanukifu,febepepo,nevica,zalibe,dodive
pocako,cumisave,somikeme,zoko,mipu,culo,?,rico,sapa,zalibe,pemilo
pocako,nara,somikeme,zoko,mipu,culo,?,veziba,sapa,zalibe,pemilo
pocako,?,somikeme,zoko,mipu,culo,sena,veziba,sapa,zalibe,pemilo
pocako,zoheva,redeze,gogugo,hocavoto,regibesa,?,gariti,temudufu,gafuvu,dodive
pocako,cumisave,somikeme,zoko,mipu,culo,sena,?,sapa,zalibe,pemilo
?,sipelose,dedama,tupatila,gugo,ragoci,sena,veziba,bicaca,zalibe,pemilo
pocako,cumisave,somikeme,zoko,mipu,rucazedi,sena,veziba,?,zalibe,pemilo
pocako,vuhisu,peba,gogugo,cubofagu,gaga,?,rico,bicaca,zalibe,dodive
pocako,zuki,?,kahizapo,kuduhoni,ragoci,vipobu,febepepo,nevica,zalibe,dodive
pocako,sipelose,somikeme,zoko,difo,culo,sena,?,sapa,zalibe,pemilo
pocako,nara,somikeme,zoko,mipu,culo,?,rico,sapa,zalibe,pemilo
pocako,vuhisu,peba,larisona,difo,koco,lenazazu,rucepo,nevica,zalibe,?
pocako,nara,favami,buda,cubofagu,koco,nanukifu,?,zisorora,monide,dodive
pocako,cumisave,somikeme,zoko,mipu,?,sena,some,sapa,zalibe,pemilo
pocako,zuki,somikeme,zoko,mipu,ragoci,sena,some,?,zalibe,pemilo
pocako,sipelose,sidolova,kahizapo,?,ragoci,lenazazu,rico,bicaca,gafuvu,dodive
pocako,zifoludi,?,larisona,difo,tikifa,catulafi,rucepo,kove,gafuvu,dodive
pocako,reteko,?,larisona,vofapade,ragoci,podabaze,rico,temudufu,gafuvu,dodive
?,lefi,fotu,buda,cubofagu,regibesa,nanukifu,bahibe,kove,lidu,dodive
pocako,vuhisu,fotu,kahizapo,cubofagu,pahakona,nanukifu,?,sapa,monide,dodive
pocako,?,dedama,tupatila,mipu,savigehe,lenazazu,some,sapa,zalibe,pemilo
pocako,zuki,?,gogugo,gugo,culo,lenazazu,some,sapa,zalibe,pemilo
pocako,nara,somikeme,zoko,mipu,culo,sena,?,sapa,zalibe,pemilo
pocako,nara,somikeme,zoko,mipu,culo,sena,?,sapa,zalibe,pemilo
pocako,lefi,fotu,buda,cubofagu,tikifa,nanukifu,febepepo,kove,nepava,?
pocako,sipelose,coguviho,?,cubofagu,gaga,nanukifu,bahibe,kove,gafuvu,dodive
pocako,cumisave,somikeme,?,mipu,culo,sena,veziba,sapa,zalibe,pemilo
pocako,cumisave,somikeme,kahizapo,?,rucazedi,sena,some,sapa,zalibe,pemilo
pocako,zuki,sidolova,tupatila,mipu,?,sena,some,sapa,zalibe,pemilo
pocako,cumisave,somikeme,kahizapo,?,culo,sena,veziba,sapa,zalibe,pemilo
pocako,zuki,somikeme,tupatila,mipu,culo,?,some,sapa,zalibe,pemilo
pocako,?,somikeme,zoko,gugo,culo,sena,some,sapa,zalibe,pemilo
pocako,vuhisu,somikeme,tupatila,mipu,culo,?,some,sapa,zalibe,pemilo
pocako,cumisave,somikeme,zoko,mipu,culo,sena,veziba,sapa,?,pemilo
pocako,cumisave,somikeme,zoko,mipu,culo,?,some,sapa,zalibe,pemilo
?,cumisave,somikeme,zoko,mipu,rucazedi,sena,some,sapa,zalibe,pemilo
pocako,vuhisu,somikeme,zoko,vofapade,ragoci,?,some,halolago,zalibe,pemilo
pocako,sipelose,sidolova,gogugo,?,savigehe,sena,rico,sapa,zalibe,pemilo
pocako,cumisave,?,zoko,mipu,culo,sena,veziba,sapa,zalibe,pemilo
pocako,reteko,?,kahizapo,dubuzi,savigehe,nanukifu,febepepo,togihe,monide,dodive
pocako,vuhisu,dedama,?,gugo,culo,sena,rico,halolago,zalibe,pemilo
pocako,?,somikeme,zoko,mipu,culo,sena,veziba,sapa,zalibe,pemilo
pocako,?,somikeme,zoko,mipu,culo,sena,veziba,sapa,zalibe,pemilo
?,vuhisu,sidolova,tupatila,gugo,ragoci,sena,veziba,halolago,gafuvu,pemilo
pocako,zoheva,redeze,mezo,?,culo,nanukifu,febepepo,sapa,zalibe,dodive
pocako,sipelose,sidolova,?,gugo,ragoci,sena,rico,sapa,zalibe,pemilo
pocako,nara,somikeme,zoko,mipu,culo,sena,some,halolago,zalibe,?
pocako,sipelose,somikeme,zoko,mipu,ragoci,berodami,some,halolago,?,pemilo
pocako,?,somikeme,zoko,gugo,culo,sena,some,sapa,zalibe,pemilo
pocako,reteko,?,siza,vofapade,ragoci,nanukifu,febepepo,zisorora,zalibe,dodive
pocako,vuhisu,somikeme,zoko,mipu,culo,?,some,sapa,zalibe,pemilo
pocako,cumisave,somikeme,zoko,mipu,rucazedi,?,veziba,sapa,zalibe,pemilo
pocako,cumisave,dedama,?,mipu,culo,sena,some,sapa,zalibe,pemilo
pocako,vuhisu,somikeme,zoko,?,culo,sena,some,sapa,zalibe,pemilo
pocako,vuhisu,somikeme,zoko,?,culo,sena,rico,sapa,zalibe,pemilo
pocako,vuhisu,dedama,zoko,mipu,?,sena,some,halolago,zalibe,pemilo
pocako,cumisave,dedama,kahizapo,mipu,culo,sena,veziba,?,zalibe,pemilo
pocako,?,fotu,codefe,bitupuzu,pahakona,lunu,gariti,bicaca,kacelu,dodive
pocako,vuhisu,somikeme,zoko,?,culo,sena,veziba,sapa,zalibe,pemilo
pocako,sipelose,?,kahizapo,mipu,culo,sena,some,sapa,zalibe,pemilo
pocako,vuhisu,somikeme,?,mipu,culo,catulafi,veziba,sapa,zalibe,pemilo
pocako,cumisave,dedama,zoko,difo,culo,sena,veziba,halolago,?,pemilo
pocako,cumisave,somikeme,zoko,mipu,?,sena,some,sapa,zalibe,pemilo
pocako,zuki,dedama,tupatila,mipu,culo,sena,?,sapa,zalibe,pemilo
?,cumisave,somikeme,zoko,mipu,culo,sena,some,sapa,zalibe,pemilo
pocako,nara,sidolova,tupatila,gugo,culo,berodami,rico,sapa,?,pemilo
pocako,vuhisu,somikeme,tupatila,mipu,culo,sena,?,sapa,zalibe,pemilo
pocako,cumisave,somikeme,zoko,mipu,culo,sena,some,sapa,zalibe,?
pocako,cumisave,somikeme,zoko,mipu,rucazedi,?,some,sapa,zalibe,pemilo
?,reteko,fotu,buda,dubuzi,tikifa,catulafi,bahibe,temudufu,zalibe,dodive
pocako,?,somikeme,tupatila,mipu,culo,sena,rico,sapa,zalibe,pemilo
pocako,zifoludi,?,mezo,gugo,ragoci,nanukifu,batizodi,nevica,zalibe,dodive
?,vuhisu,sidolova,tupatila,dubuzi,ragoci,lenazazu,rico,temudufu,zalibe,pemilo
pocako,zifoludi,favami,codefe,kuduhoni,regibesa,nanukifu,febepepo,?,zalibe,dodive
pocako,cumisave,somikeme,zoko,mipu,culo,sena,?,sapa,zalibe,pemilo
pocako,?,dedama,tupatila,gugo,culo,berodami,rico,halolago,zubuca,pemilo
pocako,nara,sidolova,zoko,mipu,gaga,sena,veziba,?,zalibe,pemilo
pocako,vuhisu,dedama,tupatila,difo,culo,?,rico,sapa,zalibe,pemilo
pocako,reteko,fotu,buda,bitupuzu,regibesa,nanukifu,bahibe,?,zalibe,dodive
pocako,zuki,sidolova,kahizapo,mipu,?,sena,rico,bicaca,zalibe,pemilo
pocako,sipelose,somikeme,kahizapo,mipu,?,sena,some,sapa,zalibe,pemilo
pocako,vuhisu,somikeme,zoko,mipu,culo,sena,veziba,sapa,zalibe,?
pocako,vabe,fotu,?,cubofagu,regibesa,nanukifu,fazi,kove,zalibe,dodive
pocako,sipelose,sidolova,mezo,mipu,culo,sena,veziba,sapa,?,pemilo
pocako,zifoludi,favami,codefe,gugo,savigehe,berodami,vada,kove,?,dodive
pocako,?,somikeme,zoko,mipu,culo,sena,some,sapa,zalibe,pemilo
pocako,nara,somikeme,zoko,mipu,culo,?,some,sapa,zalibe,pemilo
pocako,cumisave,sidolova,zoko,?,culo,sena,some,halolago,zalibe,pemilo
pocako,sipelose,somikeme,zoko,difo,savigehe,sena,rico,halolago,zalibe,?
pocako,sipelose,somikeme,zoko,mipu,?,sena,some,halolago,zalibe,pemilo
pocako,?,dedama,tupatila,difo,culo,sena,veziba,sapa,zalibe,pemilo
pocako,lefi,mavoka,siza,?,gaga,vipobu,rucepo,halolago,zalibe,pemilo
pocako,reteko,coguviho,buda,mipu,ragoci,nanukifu,vada,sapa,?,dodive
pocako,reteko,fotu,?,mipu,pahakona,sena,some,togihe,zalibe,dodive
pocako,zuki,somikeme,zoko,mipu,culo,sena,veziba,?,zalibe,pemilo
pocako,zuki,somikeme,kahizapo,difo,?,sena,veziba,sapa,zalibe,pemilo
pocako,?,somikeme,zoko,mipu,culo,sena,veziba,sapa,zalibe,pemilo
?,reteko,peba,kahizapo,cubofagu,savigehe,nanukifu,fazi,sapa,zalibe,dodive
pocako,sipelose,dedama,tupatila,?,culo,catulafi,veziba,sapa,zalibe,pemilo
pocako,cumisave,somikeme,zoko,difo,culo,lenazazu,veziba,?,zalibe,pemilo
pocako,cumisave,somikeme,zoko,mipu,?,berodami,veziba,sapa,zalibe,pemilo
pocako,sipelose,somikeme,zoko,dubuzi,ragoci,sena,some,sapa,?,pemilo
pocako,nara,somikeme,zoko,mipu,culo,?,veziba,sapa,zalibe,pemilo
pocako,cumisave,somikeme,zoko,?,culo,sena,veziba,sapa,zalibe,pemilo
pocako,cumisave,somikeme,zoko,mipu,rucazedi,sena,veziba,sapa,?,pemilo
pocako,sipelose,favami,migukebi,hocavoto,?,nanukifu,bahibe,kove,zalibe,dodive
pocako,zuki,somikeme,zoko,?,rucazedi,sena,some,sapa,zalibe,pemilo
pocako,sipelose,somikeme,zoko,mipu,culo,sena,veziba,sapa,zalibe,?
pocako,vuhisu,somikeme,zoko,difo,culo,sena,veziba,?,zalibe,pemilo
pocako,zuki,hezivaza,larisona,hocavoto,?,nanukifu,fazi,dabilari,zalibe,dodive
pocako,nara,sidolova,zoko,mipu,ragoci,sena,veziba,sapa,zalibe,?
pocako,reteko,dedama,tupatila,mipu,culo,vipoca,?,sapa,zubuca,dodive
pocako,?,redeze,larisona,hocavoto,gaga,nanukifu,bahibe,nevica,zalibe,dodive
pocako,zifoludi,coguviho,migukebi,dubuzi,pahakona,lenazazu,fazi,?,zalibe,dodive
pocako,sipelose,somikeme,tupatila,?,culo,sena,veziba,sapa,zalibe,pemilo
pocako,sipelose,somikeme,kahizapo,mipu,culo,?,veziba,sapa,zalibe,pemilo
pocako,sipelose,somikeme,zoko,difo,culo,sena,veziba,sapa,?,pemilo
?,vuhisu,somikeme,zoko,mipu,culo,hori,veziba,sapa,zalibe,pemilo
pocako,lefi,somikeme,zoko,difo,culo,sena,veziba,sapa,?,pemilo
pocako,zuki,somikeme,zoko,?,culo,sena,veziba,halolago,zalibe,pemilo
pocako,zuki,somikeme,zoko,mipu,culo,sena,veziba,sapa,?,pemilo
pocako,?,mavoka,codefe,bitupuzu,pahakona,catulafi,febepepo,kove,gafuvu,dodive
pocako,reteko,redeze,mezo,gugo,?,nanukifu,gariti,dabilari,zalibe,dodive
pocako,lefi,redeze,mezo,kuduhoni,savigehe,nanukifu,febepepo,nevica,zubuca,?
?,zuki,somikeme,zoko,mipu,culo,sena,veziba,sapa,zalibe,pemilo
pocako,cumisave,?,tupatila,mipu,culo,sena,some,sapa,zalibe,pemilo
pocako,vuhisu,somikeme,zoko,?,rucazedi,sena,some,sapa,zalibe,pemilo
pocako,lefi,somikeme,?,difo,culo,sena,veziba,sapa,zalibe,pemilo
pocako,lefi,?,zoko,mipu,rucazedi,sena,veziba,sapa,zalibe,pemilo
pocako,zuki,somikeme,zoko,mipu,culo,sena,veziba,sapa,?,pemilo
pocako,sipelose,somikeme,zoko,?,culo,sena,veziba,sapa,zalibe,pemilo
pocako,vuhisu,somikeme,zoko,mipu,culo,sena,veziba,sapa,zalibe,?
pocako,zuki,somikeme,tupatila,mipu,culo,sena,?,sapa,zalibe,pemilo
pocako,zuki,somikeme,zoko,mipu,culo,sena,veziba,sapa,zalibe,?
pocako,sipelose,dedama,?,mipu,culo,sena,veziba,sapa,zalibe,pemilo
?,zuki,coguviho,siza,cubofagu,savigehe,nanukifu,febepepo,temudufu,zalibe,dodive
pocako,sipelose,somikeme,zoko,mipu,rucazedi,sena,veziba,sapa,zalibe,?
pocako,sipelose,sidolova,tupatila,vofapade,culo,?,veziba,sapa,zalibe,pemilo
pocako,vabe,fotu,buda,cubofagu,regibesa,hori,?,kove,lidu,dodive
pocako,zifoludi,?,codefe,kuduhoni,gaga,nanukifu,gariti,kove,zalibe,dodive
pocako,sipelose,somikeme,tupatila,mipu,?,sena,veziba,sapa,zalibe,pemilo
pocako,?,somikeme,zoko,difo,rucazedi,lenazazu,veziba,sapa,zalibe,pemilo
pocako,vuhisu,somikeme,zoko,mipu,rucazedi,?,some,sapa,zalibe,pemilo
pocako,reteko,fotu,buda,cubofagu,pahakona,nanukifu,?,sapa,fuku,dodive
pocako,vuhisu,redeze,gogugo,cubofagu,?,lenazazu,rico,kifi,zalibe,dodive
pocako,lefi,sidolova,tupatila,mipu,?,catulafi,rucepo,sapa,zalibe,dodive
pocako,cumisave,somikeme,zoko,?,culo,sena,veziba,sapa,zalibe,pemilo
pocako,sipelose,coguviho,migukebi,vofapade,ragoci,nanukifu,?,sapa,zalibe,dodive
?,zuki,somikeme,zoko,mipu,rucazedi,sena,some,sapa,zalibe,pemilo
pocako,sipelose,fotu,buda,cubofagu,pahakona,nanukifu,batizodi,temudufu,?,dodive
pocako,sipelose,somikeme,?,cubofagu,savigehe,hori,some,sapa,zalibe,pemilo
pocako,vuhisu,somikeme,?,mipu,rucazedi,sena,some,sapa,zalibe,pemilo
pocako,cumisave,?,zoko,mipu,rucazedi,sena,veziba,sapa,zalibe,pemilo
pocako,zuki,?,zoko,mipu,culo,sena,veziba,sapa,zalibe,pemilo
pocako,zuki,somikeme,?,mipu,culo,sena,some,sapa,zalibe,pemilo
pocako,zuki,somikeme,zoko,mipu,culo,sena,some,sapa,zalibe,?
?,zuki,somikeme,zoko,mipu,culo,sena,some,sapa,zalibe,pemilo
pocako,zuki,somikeme,zoko,gugo,culo,sena,some,sapa,zalibe,?
pocako,zuki,somikeme,zoko,mipu,culo,sena,rico,sapa,zalibe,?
pocako,?,somikeme,zoko,mipu,culo,sena,veziba,sapa,zalibe,pemilo
pocako,vuhisu,sidolova,zoko,mipu,culo,sena,veziba,?,zalibe,pemilo
pocako,zifoludi,fotu,buda,cubofagu,koco,hori,rucepo,togihe,?,dodive
pocako,?,somikeme,zoko,mipu,culo,sena,veziba,sapa,zalibe,pemilo
pocako,nara,somikeme,zoko,?,culo,sena,veziba,sapa,zalibe,pemilo
pocako,cumisave,somikeme,zoko,mipu,culo,sena,veziba,?,zalibe,pemilo
pocako,sipelose,somikeme,zoko,mipu,culo,sena,some,?,zalibe,pemilo
pocako,sipelose,somikeme,zoko,mipu,culo,sena,?,sapa,zalibe,pemilo
?,vuhisu,somikeme,zoko,mipu,rucazedi,sena,some,sapa,zalibe,pemilo
?,lefi,redeze,siza,cubofagu,ragoci,nanukifu,bahibe,kove,zubuca,dodive
pocako,zuki,fotu,gogugo,bitupuzu,ragoci,nanukifu,gariti,?,zalibe,dodive
pocako,cumisave,somikeme,zoko,mipu,rucazedi,sena,veziba,sapa,zalibe,?
pocako,cumisave,somikeme,zoko,mipu,rucazedi,sena,?,sapa,zalibe,pemilo
pocako,vuhisu,somikeme,tupatila,gugo,culo,sena,veziba,sapa,?,pemilo
pocako,zuki,favami,codefe,difo,savigehe,nanukifu,gariti,?,zalibe,dodive
pocako,cumisave,somikeme,zoko,mipu,ragoci,?,veziba,sapa,zalibe,pemilo
pocako,zuki,?,zoko,mipu,ragoci,sena,veziba,sapa,zalibe,pemilo
pocako,reteko,?,larisona,vofapade,ragoci,hori,febepepo,bicaca,zalibe,dodive
pocako,?,hezivaza,mezo,cubofagu,savigehe,nanukifu,vada,bicaca,zalibe,dodive
pocako,vuhisu,somikeme,zoko,?,culo,sena,some,sapa,zalibe,pemilo
pocako,vuhisu,?,zoko,gugo,culo,sena,veziba,sapa,zalibe,pemilo
pocako,zuki,somikeme,zoko,mipu,?,sena,veziba,sapa,zalibe,pemilo
pocako,?,somikeme,zoko,mipu,culo,sena,rico,sapa,zalibe,pemilo
pocako,lefi,?,kahizapo,gugo,culo,sena,veziba,sapa,zalibe,pemilo
pocako,zuki,somikeme,zoko,?,rucazedi,sena,some,sapa,zalibe,pemilo
pocako,zoheva,peba,gogugo,difo,savigehe,nanukifu,batizodi,zisorora,zalibe,?
pocako,zuki,dedama,tupatila,mipu,culo,sena,some,sapa,zalibe,?
?,cumisave,somikeme,zoko,mipu,rucazedi,sena,rico,sapa,zalibe,pemilo
?,vuhisu,somikeme,zoko,mipu,culo,sena,some,sapa,zalibe,pemilo
pocako,nara,somikeme,zoko,mipu,culo,sena,some,sapa,?,pemilo
pocako,cumisave,somikeme,kahizapo,gugo,culo,sena,rico,?,zalibe,pemilo
pocako,sipelose,somikeme,zoko,mipu,culo,?,rico,sapa,zalibe,pemilo
?,sipelose,somikeme,tupatila,mipu,culo,sena,rico,sapa,zalibe,pemilo
pocako,zuki,somikeme,zoko,mipu,culo,sena,?,sapa,zalibe,pemilo
pocako,lefi,?,zoko,mipu,culo,sena,some,sapa,zalibe,pemilo
pocako,sipelose,somikeme,zoko,mipu,culo,berodami,?,sapa,zalibe,pemilo
pocako,vuhisu,somikeme,zoko,?,culo,sena,veziba,sapa,zalibe,pemilo
?,sipelose,sidolova,zoko,mipu,culo,sena,veziba,sapa,zalibe,pemilo
pocako,zuki,somikeme,zoko,mipu,culo,?,some,sapa,zalibe,pemilo
pocako,nara,somikeme,kahizapo,?,culo,sena,some,sapa,zalibe,pemilo
pocako,sipelose,somikeme,zoko,mipu,?,sena,some,sapa,zalibe,pemilo
pocako,lefi,fotu,buda,cubofagu,?,nanukifu,febepepo,kove,zalibe,dodive
pocako,nara,somikeme,zoko,mipu,rucazedi,sena,?,sapa,zalibe,pemilo
pocako,vuhisu,somikeme,zoko,mipu,rucazedi,sena,veziba,?,zalibe,pemilo
pocako,?,coguviho,kahizapo,bitupuzu,savigehe,hori,febepepo,togihe,zubuca,dodive
pocako,vuhisu,somikeme,zoko,mipu,culo,sena,some,?,zalibe,pemilo
pocako,cumisave,somikeme,zoko,mipu,culo,sena,rico,sapa,zalibe,?
pocako,vuhisu,dedama,tupatila,gugo,culo,sena,rucepo,halolago,?,pemilo
pocako,zuki,peba,tupatila,mipu,culo,hori,some,?,zubuca,pemilo
pocako,vuhisu,somikeme,zoko,mipu,culo,sena,veziba,sapa,?,pemilo
pocako,zuki,sidolova,zoko,mipu,culo,sena,rucepo,togihe,?,pemilo
pocako,sipelose,dedama,tupatila,gugo,rucazedi,?,some,sapa,zalibe,pemilo
?,sipelose,somikeme,zoko,difo,culo,sena,veziba,sapa,zalibe,pemilo
pocako,nara,somikeme,zoko,mipu,culo,?,some,sapa,zalibe,pemilo
pocako,sipelose,somikeme,zoko,mipu,culo,sena,some,sapa,?,pemilo
pocako,sipelose,somikeme,zoko,?,culo,sena,rico,sapa,zalibe,pemilo
pocako,sipelose,somikeme,zoko,mipu,?,sena,rico,sapa,zalibe,pemilo
pocako,cumisave,somikeme,zoko,mipu,culo,sena,rico,sapa,?,pemilo
pocako,vuhisu,somikeme,zoko,mipu,culo,?,some,sapa,zalibe,pemilo
pocako,zuki,somikeme,zoko,?,culo,sena,rico,halolago,zalibe,pemilo
pocako,sipelose,favami,buda,cubofagu,gaga,?,fazi,kove,zalibe,dodive
pocako,vuhisu,somikeme,tupatila,mipu,culo,sena,rico,?,zalibe,pemilo
pocako,zuki,?,zoko,mipu,culo,lenazazu,some,sapa,zalibe,pemilo
pocako,zifoludi,peba,gogugo,mipu,pahakona,nanukifu,?,temudufu,zubuca,dodive
pocako,?,fotu,codefe,cubofagu,pahakona,hori,fazi,bicaca,zalibe,dodive
pocako,zoheva,redeze,buda,kuduhoni,ragoci,nanukifu,gariti,kove,zubuca,?
pocako,vuhisu,somikeme,zoko,mipu,culo,?,some,sapa,zalibe,pemilo
pocako,?,somikeme,zoko,mipu,culo,sena,some,sapa,zalibe,pemilo
pocako,reteko,mavoka,?,difo,savigehe,berodami,febepepo,dabilari,zalibe,dodive
pocako,sipelose,somikeme,tupatila,mipu,culo,?,rico,sapa,zalibe,pemilo
pocako,sipelose,?,zoko,mipu,culo,sena,some,sapa,zalibe,pemilo
pocako,?,somikeme,zoko,mipu,culo,sena,some,sapa,zalibe,pemilo
pocako,cumisave,somikeme,zoko,mipu,culo,sena,some,sapa,zalibe,?
pocako,cumisave,somikeme,zoko,mipu,culo,sena,rico,sapa,?,pemilo
pocako,sipelose,somikeme,tupatila,mipu,culo,?,some,sapa,zalibe,pemilo
?,sipelose,favami,buda,dubuzi,gaga,nanukifu,febepepo,temudufu,zalibe,dodive
pocako,lefi,fotu,larisona,kuduhoni,savigehe,nanukifu,?,kove,zalibe,dodive
pocako,vuhisu,?,zoko,mipu,culo,sena,veziba,sapa,zalibe,pemilo
pocako,?,somikeme,zoko,dubuzi,ragoci,sena,veziba,sapa,zalibe,pemilo
pocako,cumisave,?,zoko,mipu,culo,sena,veziba,sapa,zalibe,pemilo
pocako,zifoludi,fotu,buda,?,pahakona,nanukifu,fazi,kove,zalibe,dodive
pocako,sipelose,somikeme,zoko,mipu,culo,sena,some,halolago,zalibe,?
pocako,vabe,coguviho,codefe,faseheci,pahakona,lenazazu,?,sapa,zalibe,dodive
pocako,sipelose,somikeme,zoko,mipu,culo,sena,veziba,sapa,?,pemilo
pocako,zuki,fotu,codefe,kuduhoni,savigehe,?,fazi,sapa,zalibe,dodive
pocako,nara,hezivaza,siza,dubuzi,savigehe,?,febepepo,nevica,zalibe,dodive
pocako,reteko,sidolova,gogugo,kuduhoni,ragoci,?,rucepo,sapa,zalibe,dodive
pocako,sipelose,somikeme,tupatila,mipu,culo,sena,?,sapa,zalibe,pemilo
?,zuki,coguviho,mezo,difo,savigehe,nanukifu,febepepo,sapa,zalibe,dodive
pocako,sipelose,somikeme,?,mipu,culo,sena,some,sapa,zalibe,pemilo
pocako,zuki,somikeme,tupatila,mipu,?,sena,some,sapa,zalibe,pemilo
pocako,sipelose,somikeme,kahizapo,mipu,culo,sena,rico,?,zalibe,pemilo
pocako,?,dedama,gogugo,mipu,rucazedi,sena,veziba,sapa,zalibe,pemilo
?,vuhisu,somikeme,zoko,mipu,culo,sena,some,sapa,zalibe,pemilo
pocako,cumisave,somikeme,zoko,mipu,rucazedi,sena,some,sapa,?,pemilo
pocako,?,somikeme,zoko,mipu,culo,sena,some,sapa,zalibe,pemilo
pocako,sipelose,sidolova,tupatila,hocavoto,gaga,?,bahibe,sapa,zubuca,dodive
pocako,reteko,?,buda,difo,gaga,vipobu,febepepo,togihe,gafuvu,dodive
pocako,zuki,somikeme,zoko,gugo,culo,sena,veziba,sapa,?,pemilo
pocako,?,somikeme,zoko,mipu,culo,sena,veziba,sapa,zalibe,pemilo
pocako,sipelose,fotu,buda,cubofagu,regibesa,nanukifu,fazi,sapa,zalibe,?
pocako,sipelose,somikeme,zoko,mipu,culo,?,veziba,sapa,zalibe,pemilo
pocako,?,peba,kahizapo,cubofagu,ragoci,nanukifu,febepepo,sapa,zubuca,dodive
pocako,sipelose,?,buda,cubofagu,gaga,berodami,bahibe,temudufu,zalibe,dodive
pocako,zifoludi,fotu,buda,cubofagu,pahakona,nanukifu,fazi,kove,lidu,?
pocako,nara,sidolova,zoko,mipu,culo,?,some,sapa,zalibe,pemilo
pocako,nara,somikeme,?,mipu,rucazedi,sena,some,sapa,zalibe,pemilo
?,zuki,somikeme,kahizapo,mipu,culo,sena,some,sapa,zalibe,pemilo
pocako,vuhisu,somikeme,zoko,?,culo,sena,some,sapa,zalibe,pemilo
pocako,cumisave,somikeme,zoko,mipu,rucazedi,miga,veziba,?,zalibe,pemilo
pocako,zuki,somikeme,zoko,mipu,culo,sena,?,sapa,zalibe,pemilo
pocako,sipelose,somikeme,zoko,mipu,culo,sena,some,?,zalibe,pemilo
pocako,vuhisu,somikeme,zoko,mipu,culo,sena,some,sapa,?,pemilo
pocako,lefi,sidolova,kahizapo,difo,ragoci,berodami,batizodi,?,zalibe,pemilo
pocako,zoheva,somikeme,tupatila,difo,culo,?,some,sapa,zalibe,pemilo
pocako,cumisave,somikeme,?,mipu,culo,sena,veziba,sapa,zalibe,pemilo
pocako,sipelose,somikeme,zoko,?,rucazedi,sena,some,sapa,zalibe,pemilo
?,vuhisu,somikeme,kahizapo,mipu,ragoci,catulafi,veziba,sapa,zalibe,pemilo
?,nara,somikeme,zoko,mipu,culo,hori,veziba,sapa,zalibe,pemilo
pocako,nara,?,zoko,mipu,culo,sena,veziba,sapa,zalibe,pemilo
pocako,zuki,somikeme,zoko,mipu,culo,sena,?,sapa,zalibe,pemilo
pocako,?,dedama,kahizapo,mipu,culo,sena,veziba,sapa,zalibe,pemilo
pocako,sipelose,somikeme,?,mipu,culo,sena,some,sapa,zalibe,pemilo
pocako,?,somikeme,zoko,mipu,culo,sena,veziba,sapa,zalibe,pemilo
pocako,zifoludi,favami,gogugo,?,gaga,lenazazu,vada,kove,zalibe,dodive
pocako,vuhisu,somikeme,zoko,mipu,culo,sena,veziba,?,zalibe,pemilo
?,vuhisu,somikeme,gogugo,mipu,culo,sena,veziba,sapa,zalibe,pemilo
pocako,reteko,fotu,siza,?,koco,sena,fazi,kove,gafuvu,dodive
pocako,zuki,dedama,gogugo,difo,culo,berodami,some,?,zalibe,pemilo
?,zuki,somikeme,zoko,mipu,culo,sena,veziba,sapa,zalibe,pemilo
pocako,sipelose,somikeme,zoko,difo,culo,sena,veziba,?,zalibe,pemilo
pocako,zuki,somikeme,zoko,difo,culo,sena,?,sapa,zalibe,pemilo
pocako,vuhisu,somikeme,?,mipu,culo,sena,some,sapa,zalibe,pemilo
pocako,vuhisu,somikeme,zoko,mipu,culo,sena,some,sapa,zalibe,?
pocako,cumisave,somikeme,zoko,mipu,culo,sena,veziba,sapa,?,pemilo
pocako,nara,somikeme,zoko,?,culo,sena,veziba,sapa,zalibe,pemilo
pocako,vuhisu,somikeme,zoko,?,culo,sena,some,sapa,zalibe,pemilo
pocako,cumisave,dedama,tupatila,mipu,culo,sena,veziba,sapa,zalibe,?
pocako,cumisave,somikeme,zoko,difo,?,sena,veziba,sapa,zalibe,pemilo
pocako,sipelose,fotu,buda,cubofagu,regibesa,?,fazi,kove,lidu,dodive
pocako,vuhisu,somikeme,zoko,mipu,culo,sena,?,sapa,zalibe,pemilo
pocako,vuhisu,somikeme,zoko,gugo,ragoci,catulafi,?,sapa,zalibe,pemilo
pocako,cumisave,dedama,zoko,difo,culo,sena,some,sapa,zalibe,?
pocako,?,somikeme,zoko,mipu,culo,sena,some,halolago,zalibe,pemilo
pocako,zuki,somikeme,zoko,mipu,culo,sena,some,?,zalibe,pemilo
pocako,vuhisu,somikeme,zoko,mipu,culo,?,rico,sapa,zalibe,pemilo
pocako,vuhisu,somikeme,?,mipu,culo,sena,some,sapa,zalibe,pemilo
pocako,sipelose,somikeme,?,mipu,culo,sena,some,sapa,zalibe,pemilo
pocako,sipelose,peba,larisona,mipu,tikifa,sena,rico,nevica,zalibe,?
pocako,zoheva,coguviho,codefe,bitupuzu,ragoci,nanukifu,?,halolago,gafuvu,dodive
pocako,cumisave,somikeme,?,mipu,culo,sena,veziba,sapa,zalibe,pemilo
pocako,cumisave,somikeme,zoko,mipu,?,sena,some,sapa,zalibe,pemilo
pocako,zuki,somikeme,zoko,?,culo,sena,rico,sapa,zalibe,pemilo
pocako,cumisave,?,kahizapo,mipu,culo,sena,some,sapa,zalibe,pemilo
pocako,cumisave,somikeme,kahizapo,mipu,culo,sena,some,sapa,?,pemilo
pocako,vuhisu,somikeme,zoko,difo,culo,sena,some,sapa,zalibe,?
pocako,?,somikeme,zoko,mipu,culo,sena,veziba,sapa,zalibe,pemilo
pocako,sipelose,dedama,tupatila,gugo,culo,sena,veziba,?,zubuca,pemilo
pocako,vuhisu,somikeme,zoko,mipu,culo,sena,rico,sapa,?,pemilo
pocako,sipelose,favami,gogugo,mipu,pahakona,sena,febepepo,?,gafuvu,dodive
?,sipelose,fotu,buda,hocavoto,gaga,hori,febepepo,kove,zalibe,dodive
pocako,vuhisu,fotu,siza,hocavoto,gaga,vipobu,febepepo,kifi,?,dodive
pocako,vuhisu,?,zoko,gugo,culo,sena,rico,sapa,zalibe,pemilo
pocako,sipelose,sidolova,tupatila,mipu,ragoci,sena,?,sapa,zalibe,pemilo
pocako,cumisave,somikeme,zoko,mipu,?,sena,some,sapa,zalibe,pemilo
pocako,zuki,somikeme,gogugo,?,culo,sena,veziba,sapa,zalibe,pemilo
pocako,cumisave,somikeme,tupatila,?,culo,sena,some,sapa,zalibe,pemilo
pocako,sipelose,somikeme,zoko,mipu,?,sena,veziba,sapa,zalibe,pemilo
pocako,cumisave,somikeme,zoko,mipu,culo,?,veziba,sapa,zalibe,pemilo
?,nara,somikeme,zoko,mipu,culo,sena,veziba,sapa,zalibe,pemilo
pocako,reteko,fotu,buda,cubofagu,gaga,nanukifu,fazi,?,nepava,dodive
pocako,sipelose,?,buda,cubofagu,savigehe,nanukifu,vada,nevica,gafuvu,dodive
pocako,sipelose,somikeme,?,mipu,culo,sena,rico,halolago,zalibe,pemilo
pocako,cumisave,somikeme,zoko,mipu,culo,sena,veziba,sapa,?,pemilo
?,cumisave,somikeme,zoko,mipu,culo,sena,veziba,sapa,zalibe,pemilo
pocako,cumisave,somikeme,zoko,mipu,culo,sena,veziba,sapa,zalibe,?
pocako,cumisave,somikeme,zoko,mipu,culo,sena,veziba,sapa,?,pemilo
pocako,vuhisu,?,zoko,mipu,culo,sena,some,bicaca,zalibe,pemilo
pocako,?,somikeme,zoko,mipu,culo,sena,veziba,sapa,zalibe,pemilo
pocako,?,somikeme,zoko,mipu,culo,sena,veziba,sapa,kacelu,pemilo
?,cumisave,somikeme,zoko,difo,culo,sena,veziba,sapa,zalibe,pemilo
pocako,sipelose,fotu,buda,kuduhoni,savigehe,hori,?,kifi,zalibe,dodive
pocako,vuhisu,?,zoko,mipu,culo,sena,veziba,sapa,zalibe,pemilo
pocako,vuhisu,?,zoko,mipu,culo,sena,some,sapa,zubuca,pemilo
pocako,vuhisu,somikeme,zoko,mipu,?,berodami,veziba,sapa,zalibe,pemilo
pocako,nara,somikeme,zoko,mipu,culo,sena,?,sapa,zalibe,pemilo
pocako,sipelose,fotu,buda,difo,koco,lenazazu,bahibe,?,zubuca,dodive
pocako,zuki,coguviho,mezo,vofapade,ragoci,catulafi,fazi,?,zalibe,dodive
pocako,zuki,coguviho,?,kuduhoni,savigehe,hori,fazi,kifi,zalibe,dodive
